<?xml version="1.0" encoding="UTF-8"?>
<GenRun Id="synth_1" LaunchPart="xc7s15ftgb196-1" LaunchTime="1541293180">
  <File Type="PA-TCL" Name="Key_Jitter.tcl"/>
  <File Type="RDS-PROPCONSTRS" Name="Key_Jitter_drc_synth.rpt"/>
  <File Type="REPORTS-TCL" Name="Key_Jitter_reports.tcl"/>
  <File Type="RDS-RDS" Name="Key_Jitter.vds"/>
  <File Type="RDS-UTIL" Name="Key_Jitter_utilization_synth.rpt"/>
  <File Type="RDS-UTIL-PB" Name="Key_Jitter_utilization_synth.pb"/>
  <File Type="RDS-DCP" Name="Key_Jitter.dcp"/>
  <File Type="VDS-TIMINGSUMMARY" Name="Key_Jitter_timing_summary_synth.rpt"/>
  <File Type="VDS-TIMING-PB" Name="Key_Jitter_timing_summary_synth.pb"/>
  <FileSet Name="sources" Type="DesignSrcs" RelSrcDir="$PSRCDIR/sources_1">
    <Filter Type="Srcs"/>
    <File Path="$PPRDIR/Key_Jitter.v">
      <FileInfo>
        <Attr Name="UsedIn" Val="synthesis"/>
        <Attr Name="UsedIn" Val="implementation"/>
        <Attr Name="UsedIn" Val="simulation"/>
      </FileInfo>
    </File>
    <Config>
      <Option Name="DesignMode" Val="RTL"/>
      <Option Name="TopModule" Val="Key_Jitter"/>
      <Option Name="TopAutoSet" Val="TRUE"/>
    </Config>
  </FileSet>
  <FileSet Name="constrs_in" Type="Constrs" RelSrcDir="$PSRCDIR/constrs_1">
    <Filter Type="Constrs"/>
    <File Path="$PSRCDIR/constrs_1/new/Key_Jitter.xdc">
      <FileInfo>
        <Attr Name="UsedIn" Val="synthesis"/>
        <Attr Name="UsedIn" Val="implementation"/>
      </FileInfo>
    </File>
    <Config>
      <Option Name="ConstrsType" Val="XDC"/>
    </Config>
  </FileSet>
  <Strategy Version="1" Minor="2">
    <StratHandle Name="Vivado Synthesis Defaults" Flow="Vivado Synthesis 2018">
      <Desc>Vivado Synthesis Defaults</Desc>
    </StratHandle>
    <Step Id="synth_design"/>
  </Strategy>
</GenRun>
