<?xml version="1.0" encoding="UTF-8"?>
<GenRun Id="synth_1" LaunchPart="xc7s15ftgb196-1" LaunchTime="1541294785">
  <File Type="PA-TCL" Name="led_top.tcl"/>
  <File Type="RDS-PROPCONSTRS" Name="led_top_drc_synth.rpt"/>
  <File Type="REPORTS-TCL" Name="led_top_reports.tcl"/>
  <File Type="RDS-RDS" Name="led_top.vds"/>
  <File Type="RDS-UTIL" Name="led_top_utilization_synth.rpt"/>
  <File Type="RDS-UTIL-PB" Name="led_top_utilization_synth.pb"/>
  <File Type="RDS-DCP" Name="led_top.dcp"/>
  <File Type="VDS-TIMINGSUMMARY" Name="led_top_timing_summary_synth.rpt"/>
  <File Type="VDS-TIMING-PB" Name="led_top_timing_summary_synth.pb"/>
  <FileSet Name="sources" Type="DesignSrcs" RelSrcDir="$PSRCDIR/sources_1">
    <Filter Type="Srcs"/>
    <File Path="$PPRDIR/led_top.v">
      <FileInfo>
        <Attr Name="UsedIn" Val="synthesis"/>
        <Attr Name="UsedIn" Val="implementation"/>
        <Attr Name="UsedIn" Val="simulation"/>
      </FileInfo>
    </File>
    <Config>
      <Option Name="DesignMode" Val="RTL"/>
      <Option Name="TopModule" Val="led_top"/>
      <Option Name="TopAutoSet" Val="TRUE"/>
    </Config>
  </FileSet>
  <FileSet Name="constrs_in" Type="Constrs" RelSrcDir="$PSRCDIR/constrs_1">
    <Filter Type="Constrs"/>
    <File Path="$PSRCDIR/constrs_1/new/mmcm.xdc">
      <FileInfo>
        <Attr Name="UsedIn" Val="synthesis"/>
        <Attr Name="UsedIn" Val="implementation"/>
      </FileInfo>
    </File>
    <Config>
      <Option Name="ConstrsType" Val="XDC"/>
    </Config>
  </FileSet>
  <Strategy Version="1" Minor="2">
    <StratHandle Name="Vivado Synthesis Defaults" Flow="Vivado Synthesis 2018">
      <Desc>Vivado Synthesis Defaults</Desc>
    </StratHandle>
    <Step Id="synth_design"/>
  </Strategy>
  <BlockFileSet Type="BlockSrcs" Name="clk_wiz_0"/>
</GenRun>
